ณฏยฅ,ฑธบะ,พ฿ฐๆล๕พ๎ ,ฟภทปม๖ถ๓ภฮ,ฑืธฐถ๓ภฮ,ทนตๅถ๓ภฮ,บํท็ถ๓ภฮ,รั วีฐ่
2024-11-27,รัวี,0,0,10,0,0,10
2024-11-26,รัวี,0,0,0,0,0,0
2024-11-25,รัวี,0,0,0,0,0,0
2024-11-24,รัวี,19,21,43,71,0,154
2024-11-23,รัวี,62,1,131,95,0,289
2024-11-22,รัวี,33,7,65,37,0,142
2024-11-21,รัวี,7,6,33,49,0,95
2024-11-20,รัวี,33,6,47,45,0,131
2024-11-19,รัวี,0,0,0,0,0,0
2024-11-18,รัวี,0,0,0,0,0,0
2024-11-17,รัวี,36,0,114,94,0,244
2024-11-16,รัวี,57,16,113,89,0,275
2024-11-15,รัวี,79,15,96,58,0,248
2024-11-14,รัวี,31,10,40,69,0,150
2024-11-13,รัวี,18,13,83,26,0,140
2024-11-12,รัวี,0,0,0,0,0,0
2024-11-11,รัวี,0,0,0,0,0,0
2024-11-10,รัวี,21,8,118,102,0,249
2024-11-09,รัวี,2,0,48,45,0,95
2024-11-08,รัวี,27,7,18,70,0,122
2024-11-07,รัวี,22,4,71,52,0,149
2024-11-06,รัวี,24,7,50,39,0,120
2024-11-05,รัวี,0,0,0,0,0,0
2024-11-04,รัวี,0,0,0,0,0,0
2024-11-03,รัวี,34,7,75,76,0,192
2024-11-02,รัวี,58,5,114,97,0,274
2024-11-01,รัวี,28,3,22,31,0,84
2024-10-31,รัวี,13,2,41,40,0,96
2024-10-30,รัวี,21,4,77,35,0,137
2024-10-29,รัวี,0,0,0,0,0,0
2024-10-28,รัวี,0,0,0,0,0,0
2024-10-27,รัวี,31,15,86,79,0,211
2024-10-26,รัวี,44,10,93,109,0,256
2024-10-25,รัวี,74,9,56,49,0,188
2024-10-24,รัวี,40,13,51,35,0,139
2024-10-23,รัวี,33,0,41,27,0,101
2024-10-22,รัวี,0,0,0,0,0,0
2024-10-21,รัวี,0,0,0,0,0,0
2024-10-20,รัวี,22,2,94,57,0,175
2024-10-19,รัวี,77,5,96,78,0,256
2024-10-18,รัวี,10,3,14,19,0,46
2024-10-17,รัวี,31,4,36,14,0,85
2024-10-16,รัวี,31,2,45,37,0,115
2024-10-15,รัวี,0,0,0,0,0,0
2024-10-14,รัวี,0,0,0,0,0,0
2024-10-13,รัวี,40,2,74,59,0,175
2024-10-12,รัวี,38,7,114,116,0,275
2024-10-11,รัวี,65,2,42,33,0,142
2024-10-10,รัวี,41,6,32,31,0,110
2024-10-09,รัวี,53,13,34,64,0,164
2024-10-08,รัวี,0,0,0,0,0,0
2024-10-07,รัวี,0,0,0,0,0,0
2024-10-06,รัวี,25,0,57,74,0,156
2024-10-05,รัวี,6,5,78,114,0,203
2024-10-04,รัวี,0,18,94,100,0,212
2024-10-03,รัวี,28,19,123,123,0,293
2024-10-02,รัวี,59,4,86,66,0,215
2024-10-01,รัวี,0,0,0,0,0,0
2024-09-30,รัวี,0,0,0,0,0,0
2024-09-29,รัวี,56,10,109,87,0,262
2024-09-28,รัวี,40,18,89,119,0,266
2024-09-27,รัวี,39,0,39,42,0,120
2024-09-26,รัวี,2,2,32,36,0,72
2024-09-25,รัวี,29,6,30,48,0,113
2024-09-24,รัวี,0,0,0,0,0,0
2024-09-23,รัวี,0,0,0,0,0,0
2024-09-22,รัวี,28,0,51,50,0,129
2024-09-21,รัวี,0,0,0,0,0,0
2024-09-20,รัวี,41,0,8,17,0,66
2024-09-19,รัวี,42,4,31,36,0,113
2024-09-18,รัวี,0,0,0,0,0,0
2024-09-17,รัวี,0,0,0,0,0,0
2024-09-16,รัวี,0,0,0,0,0,0
2024-09-15,รัวี,28,18,88,113,0,247
2024-09-14,รัวี,40,0,62,69,0,171
2024-09-13,รัวี,44,3,8,26,0,81
2024-09-12,รัวี,12,0,22,13,0,47
2024-09-11,รัวี,29,0,12,12,0,53
2024-09-10,รัวี,0,0,0,0,0,0
2024-09-09,รัวี,0,0,0,0,0,0
2024-09-08,รัวี,37,6,39,42,0,124
2024-09-07,รัวี,52,16,56,52,0,176
2024-09-06,รัวี,33,1,20,18,0,72
2024-09-05,รัวี,37,0,9,12,0,58
2024-09-04,รัวี,0,2,28,52,0,82
2024-09-03,รัวี,0,0,0,0,0,0
2024-09-02,รัวี,0,0,0,0,0,0
2024-09-01,รัวี,39,5,38,63,0,145
2024-08-31,รัวี,38,4,83,87,0,212
2024-08-30,รัวี,0,3,29,34,0,66
2024-08-29,รัวี,37,2,32,43,0,114
2024-08-28,รัวี,36,1,47,51,0,135
2024-08-27,รัวี,0,0,0,0,0,0
2024-08-26,รัวี,0,0,0,0,0,0
2024-08-25,รัวี,37,6,48,55,0,146
2024-08-24,รัวี,35,8,78,79,0,200
2024-08-23,รัวี,40,8,23,28,0,99
2024-08-22,รัวี,31,4,22,45,0,102
2024-08-21,รัวี,42,2,14,23,0,81
2024-08-20,รัวี,0,0,0,0,0,0
2024-08-19,รัวี,0,0,0,0,0,0
2024-08-18,รัวี,39,3,48,40,0,130
2024-08-17,รัวี,50,4,79,68,0,201
2024-08-16,รัวี,87,17,99,112,0,315
2024-08-15,รัวี,39,9,100,141,0,289
2024-08-14,รัวี,82,5,94,73,0,254
2024-08-13,รัวี,0,0,0,0,0,0
2024-08-12,รัวี,0,0,0,0,0,0
2024-08-11,รัวี,46,0,105,111,0,262
2024-08-10,รัวี,46,4,66,91,0,207
2024-08-09,รัวี,86,5,83,80,0,254
2024-08-08,รัวี,75,24,65,49,0,213
2024-08-07,รัวี,94,10,47,67,0,218
2024-08-06,รัวี,0,0,0,0,0,0
2024-08-05,รัวี,0,0,0,0,0,0
2024-08-04,รัวี,45,9,112,101,0,267
2024-08-03,รัวี,25,18,98,141,0,282
2024-08-02,รัวี,61,13,110,115,0,299
2024-08-01,รัวี,42,15,93,107,0,257
2024-07-31,รัวี,38,5,114,81,0,238
2024-07-30,รัวี,0,0,0,0,0,0
2024-07-29,รัวี,0,0,0,0,0,0
2024-07-28,รัวี,46,34,110,96,0,286
2024-07-27,รัวี,42,15,98,107,0,262
2024-07-26,รัวี,73,4,28,62,0,167
2024-07-25,รัวี,39,2,42,44,0,127
2024-07-24,รัวี,20,6,56,64,0,146
2024-07-23,รัวี,0,0,0,0,0,0
2024-07-22,รัวี,0,0,0,0,0,0
2024-07-21,รัวี,39,8,54,76,0,177
2024-07-20,รัวี,41,8,86,137,0,272
2024-07-19,รัวี,78,1,6,18,0,103
2024-07-18,รัวี,25,0,4,22,0,51
2024-07-17,รัวี,52,6,21,39,0,118
2024-07-16,รัวี,0,0,0,0,0,0
2024-07-15,รัวี,0,0,0,0,0,0
2024-07-14,รัวี,22,4,27,19,0,72
2024-07-13,รัวี,44,10,44,61,0,159
2024-07-12,รัวี,39,2,35,21,0,97
2024-07-11,รัวี,18,0,9,21,0,48
2024-07-10,รัวี,25,2,0,2,0,29
2024-07-09,รัวี,0,0,0,0,0,0
2024-07-08,รัวี,0,0,0,0,0,0
2024-07-07,รัวี,28,0,45,42,0,115
2024-07-06,รัวี,75,11,30,57,0,173
2024-07-05,รัวี,40,2,16,18,0,76
2024-07-04,รัวี,33,0,13,15,0,61
2024-07-03,รัวี,15,0,8,4,0,27
2024-07-02,รัวี,0,0,0,0,0,0
2024-07-01,รัวี,0,0,0,0,0,0
2024-06-30,รัวี,6,4,17,18,0,45
2024-06-29,รัวี,36,2,42,46,0,126
2024-06-28,รัวี,13,8,29,65,0,115
2024-06-27,รัวี,10,4,11,15,0,40
2024-06-26,รัวี,40,0,21,19,0,80
2024-06-25,รัวี,0,0,0,0,0,0
2024-06-24,รัวี,0,0,0,0,0,0
2024-06-23,รัวี,3,0,45,63,0,111
2024-06-22,รัวี,33,14,42,32,0,121
2024-06-21,รัวี,36,4,16,21,0,77
2024-06-20,รัวี,14,8,18,33,0,73
2024-06-19,รัวี,42,0,31,26,0,99
2024-06-18,รัวี,0,0,0,0,0,0
2024-06-17,รัวี,0,0,0,0,0,0
2024-06-16,รัวี,31,17,62,62,0,172
2024-06-15,รัวี,35,9,79,95,0,218
2024-06-14,รัวี,0,10,24,51,0,85
2024-06-13,รัวี,35,0,25,25,0,85
2024-06-12,รัวี,33,8,41,31,0,113
2024-06-11,รัวี,0,0,0,0,0,0
2024-06-10,รัวี,0,0,0,0,0,0
2024-06-09,รัวี,15,2,28,51,0,96
2024-06-08,รัวี,43,20,84,132,0,279
2024-06-07,รัวี,42,8,65,80,0,195
2024-06-06,รัวี,0,12,123,109,0,244
2024-06-05,รัวี,26,1,36,31,0,94
