노선명,정류장번호,정류장명,성격,주소,위도,경도
레드라인,1,부산역,출발,부산광역시 동구 초량동 1202,35.114572,129.040259
레드라인,2,UN기념공원,정차,부산광역시 남구 대연동 779-4,35.128819,129.093905
레드라인,3,부산박물관,정차,부산광역시 남구 대연동 1022,35.130129,129.092948
레드라인,4,용호만유람선터미널,정차,부산광역시 남구 용호동 176-53,35.132812,129.114482
레드라인,5,광안리해수욕장,정차,부산광역시 수영구 광안동 205,35.152945,129.117992
레드라인,6,마린시티(수영만요트경기장),정차,부산광역시 해운대구 우동 1393,35.15679,129.141342
레드라인,7,동백섬,정차,부산광역시 해운대구 우동 1445,35.157764,129.151372
레드라인,8,해운대해수욕장,정차,부산광역시 해운대구 중동 1414-1,35.159525,129.161033
레드라인,9,센텀시티(영화의전당),정차,부산광역시 해운대구 우동 1524,35.168467,129.13056
레드라인,10,시립미술관벡스코,정차,부산광역시 해운대구 우동 1127-45,35.167466,129.136742
레드라인,11,평화공원,정차,부산광역시 남구 대연동 699-3,35.127003,129.101409
레드라인,12,광복로,정차,부산광역시 중구 중앙동6가 9-1,35.099909,129.036724
레드라인,13,부산역,도착,부산광역시 동구 초량동 1202,35.114572,129.040259
그린라인,1,부산역,출발,부산광역시 동구 초량동 1202,35.114572,129.040259
그린라인,2,영도대교(유라리광장),정차,부산광역시 중구 남포동1가 68,35.096986,129.035942
그린라인,3,흰여울문화마을,정차,부산광역시 영도구 영선동4가 565,35.079996,129.043616
그린라인,4,하늘전망대,정차,부산광역시 영도구 동삼동 628-23,35.072121,129.055211
그린라인,5,태종대,정차,부산광역시 영도구 동삼동 1015,35.062254,129.081303
그린라인,6,국립해양박물관,정차,부산광역시 영도구 동삼동 1153-2,35.078343,129.078829
그린라인,7,아르떼뮤지엄부산,정차,부산광역시 영도구 해양로247번길 29,35.085816,129.075669
그린라인,8,오륙도스카이워크,정차,부산광역시 남구 용호동 944,35.101561,129.121979
그린라인,9,용호만유람선터미널,정차,부산광역시 남구 용호동 176-53,35.132901,129.114251
그린라인,10,평화공원,정차,부산광역시 남구 대연동 699-3,35.127003,129.101409
그린라인,11,송도해수욕장(구름산책로),정차,부산광역시 서구 암남동 135-16,35.077331,129.021383
그린라인,12,자갈치BIFF광장(용두산공원),정차,부산광역시 중구 구덕로 44,35.098134,129.03132
그린라인,13,부산역,도착,부산광역시 동구 초량동 1202,35.114572,129.040259
오렌지라인,1,부산역,출발,부산광역시 동구 초량동 1202,35.114572,129.040259
오렌지라인,2,송도해수욕장(구름산책로),정차,부산광역시 서구 암남동 129-7,35.076496,129.022562
오렌지라인,3,암남공원(용궁구름다리),정차,부산광역시 서구 암남동 621-141,35.063142,129.019182
오렌지라인,4,감천문화마을(감천사거리),정차,부산광역시 사하구 감천동 438-34,35.087888,129.004217
오렌지라인,5,다대포해수욕장(몰운대),정차,부산광역시 사하구 다대동 1552-2,35.048406,128.965512
오렌지라인,6,아미산전망대,정차,부산광역시 사하구 다대동 1548-1,35.052472,128.96115
오렌지라인,7,부네치아장림항,정차,부산광역시 사하구 장림동 1079-1,35.078989,128.951268
오렌지라인,8,석당박물관(부산임시수도청사),정차,부산광역시 서구 부민동2가 18,35.104386,129.019941
오렌지라인,9,국제시장(보수동책방골목),정차,부산광역시 중구 부평동2가 82,35.103087,129.026452
오렌지라인,10,용두산공원(부산근현대역사관),정차,부산광역시 중구 대청동1가 50-1,35.10285,129.03228
오렌지라인,11,부산역,도착,부산광역시 동구 초량동 1202,35.114572,129.040259
서부산테마,1,부산역,출발,부산광역시 동구 초량동 1202,35.114572,129.040259
서부산테마,2,감천문화마을,정차,부산광역시 사하구 감천동 10-152,35.097377,129.010703
서부산테마,3,국회부산도서관,정차,부산광역시 강서구 명지동 3633,35.102547,128.905166
서부산테마,4,명지행복마을(중식),정차,부산광역시 강서구 명지동 3247,35.087962,128.910496
서부산테마,5,낙동강에코센터,정차,부산광역시 사하구 하단동 1150-8,35.106558,128.947967
서부산테마,6,낙동강생태탐방선,정차,부산광역시 사하구 하단동 1195,35.110507,128.949117
서부산테마,7,부산현대미술관,정차,부산광역시 사하구 하단동 1149-37,35.108797,128.942766
서부산테마,8,부산역,도착,부산광역시 동구 초량동 1202,35.114572,129.040259
동부산테마,1,부산역,출발,부산광역시 동구 초량동 1202,35.114572,129.040259
동부산테마,2,부산항대교,경유,,35.101667,129.060733
동부산테마,3,광안리해수욕장,정차,부산광역시 수영구 광안동 205,35.152945,129.117992
동부산테마,4,영화의거리,경유,부산광역시 해운대구 우동 1393,35.15679,129.141342
동부산테마,5,해운대(미포),정차,부산광역시 해운대구 중동 1076-4,35.16026,129.170571
동부산테마,6,용궁사(국립수산과학원),정차,부산광역시 기장군 기장읍 기장해안로 216,35.194622,129.223187
동부산테마,7,대변항,정차,부산광역시 기장군 기장읍 대변리 444-80,35.224749,129.22803
동부산테마,8,임랑해수욕장,정차,부산광역시 기장군 장안읍 임랑리 151-4,35.316736,129.260823
동부산테마,9,광안대교,경유,,35.145459,129.128197
동부산테마,10,부산역,도착,부산광역시 동구 초량동 1202,35.114572,129.040259
야경투어,1,부산역,출발,부산광역시 동구 초량동 1202,35.114572,129.040259
야경투어,2,부산대교,경유,,35.096028,129.038918
야경투어,3,부산항대교,경유,,35.101667,129.060733
야경투어,4,광안리해수욕장,정차,부산광역시 수영구 광안동 205,35.152945,129.117992
야경투어,5,수영2호교,경유,,35.161757,129.132243
야경투어,6,마린시티,경유,부산광역시 해운대구 우동 1393,35.15679,129.141342
야경투어,7,해운대해수욕장,경유,부산광역시 해운대구 중동 1414-1,35.159525,129.161033
야경투어,8,시립미술관벡스코,경유,부산광역시 해운대구 우동 1127-45,35.167466,129.136742
야경투어,9,광안대교,경유,,35.145459,129.128197
야경투어,10,부산항대교,경유,,35.101667,129.060733
야경투어,11,남항대교,경유,,35.079918,129.031194
야경투어,12,송도구름산책로,정차,부산광역시 서구 암남동 135-16,35.077331,129.021383
야경투어,13,자갈치국제시장,경유,부산광역시 중구 구덕로 44,35.098134,129.03132
야경투어,14,부산역,도착,부산광역시 동구 초량동 1202,35.114572,129.040259
